,behavior_type,control_type,total_episode,average_sever_low,average_mild_low,average_high,average_total,average_speed,average_acc,average_distance
0,0,lstm_with_monitor,30,0.4083333333333333,0.125,0.1,0.5083333333333333,4.399381882551578,1.4529770252609704,19.980334740541558
1,0,no_lstm,30,3.6166666666666667,0.65,1.2583333333333333,4.875,4.464083654859043,3.614044947128917,14.523387914077528
2,2,lstm_with_monitor,30,0.49166666666666664,0.25,0.025,0.5166666666666667,4.364943504601956,1.4108613394234266,20.333189760532925
3,2,no_lstm,30,3.466666666666667,0.8916666666666667,0.7083333333333334,4.175,4.673295914982353,3.7492826411815376,12.622290468044582
